prodNum;productName;prodUrl;specsTab
7510-01-660-3727;HP LASERJET 2400 / 2420 / 2430;https://www.gsaadvantage.gov/advantage/catalog/product_detail.do?contractNumber=GS-02F-0171W&itemNumber=7510-01-660-3727&mfrName=ABILITYONE;
;;Price;;Unit;;Features;;Contractor;;Socio;;Photo;;Deliv Days;;Min;;FOB/Shipping;
;;$39.00;;EA;;;;ARYA CORPORATION;;s;;;;10 days delivered ARO;;$100.00;;D-CONUSND-AK,PR,HI;https://www.gsaadvantage.gov/advantage/catalog/product_detail.do?contractNumber=GS-02F-0171W&itemNumber=7510-01-660-3727&mfrName=ABILITYONE;HP LaserJet 2400 / 2420 / 2430
;;;;;;;;;;;;;;;;;;;;
;;$58.41;;EA;;;;COMPLETE PACKAGING & SHIPPING SUPPL;;s;;Product Image;;5 days delivered ARO;;$100.00;;D-CONUS/O-AK,PR,HI;https://www.gsaadvantage.gov/advantage/catalog/product_detail.do?contractNumber=GS-02F-0088V&itemNumber=7510-01-660-3727&mfrName=ABILITY+ONE;HP COMP LASER CART LASERJET 2400 / 2420 / 2430..FAST and Accurate Service. Volume Discounts Offered. For Sales and Customer Service, please call us - 1-866-725-3476 or Email us at joanw@completepackage.com
;;;;;;;;;;;;;;;;;;;;
;;$66.43;;EA;;Volume Discount Available;;MBA OFFICE SUPPLY, INC;;"s
wo";;;;7 days delivered ARO;;$50.00;;D-CONUS/O-AK,PR,HI;https://www.gsaadvantage.gov/advantage/catalog/product_detail.do?contractNumber=GS-14F-0033M&itemNumber=7510016603727&mfrName=ABILITYONE;HP COMP LASER CART LASERJET 2400 / 2420 / 2430
;;;;;;;;;;;;;;;;;;;;
;;$67.60;;EA;;FSSI item;;ACCESS PRODUCTS INC.;;"s
dv";;Product Image;;4 days delivered ARO;;$100.00;;D-CONUS/O-AK,PR,HI;https://www.gsaadvantage.gov/advantage/catalog/product_detail.do?contractNumber=GS-02F-151BA&itemNumber=7510-01-660-3727&mfrName=ABILITYONE&bpaNumber=GS02Q14DCR0019;REUSE_REMANUFACTURED_ABILITYONE_7510016603727TonerCartridge,Remanufactured,StandardYield,Black,HPLaserJet2400/2420/2430CompatibleReplacesQ6511X.12000PageYield.
prodNum;productName;prodUrl;specsTab
7510016603727;HP LASERJET 2400 / 2420 / 2430;https://www.gsaadvantage.gov/advantage/catalog/product_detail.do?contractNumber=GS-02F-0171W&itemNumber=7510-01-660-3727&mfrName=ABILITYONE;
;;Price;;Unit;;Features;;Contractor;;Socio;;Photo;;Deliv Days;;Min;;FOB/Shipping;
;;$39.00;;EA;;;;ARYA CORPORATION;;s;;;;10 days delivered ARO;;$100.00;;D-CONUSND-AK,PR,HI;https://www.gsaadvantage.gov/advantage/catalog/product_detail.do?contractNumber=GS-02F-0171W&itemNumber=7510-01-660-3727&mfrName=ABILITYONE;HP LaserJet 2400 / 2420 / 2430
;;;;;;;;;;;;;;;;;;;;
;;$58.41;;EA;;;;COMPLETE PACKAGING & SHIPPING SUPPL;;s;;Product Image;;5 days delivered ARO;;$100.00;;D-CONUS/O-AK,PR,HI;https://www.gsaadvantage.gov/advantage/catalog/product_detail.do?contractNumber=GS-02F-0088V&itemNumber=7510-01-660-3727&mfrName=ABILITY+ONE;HP COMP LASER CART LASERJET 2400 / 2420 / 2430..FAST and Accurate Service. Volume Discounts Offered. For Sales and Customer Service, please call us - 1-866-725-3476 or Email us at joanw@completepackage.com
;;;;;;;;;;;;;;;;;;;;
;;$66.43;;EA;;Volume Discount Available;;MBA OFFICE SUPPLY, INC;;"s
wo";;;;7 days delivered ARO;;$50.00;;D-CONUS/O-AK,PR,HI;https://www.gsaadvantage.gov/advantage/catalog/product_detail.do?contractNumber=GS-14F-0033M&itemNumber=7510016603727&mfrName=ABILITYONE;HP COMP LASER CART LASERJET 2400 / 2420 / 2430
;;;;;;;;;;;;;;;;;;;;
;;$67.60;;EA;;FSSI item;;ACCESS PRODUCTS INC.;;"s
dv";;Product Image;;4 days delivered ARO;;$100.00;;D-CONUS/O-AK,PR,HI;https://www.gsaadvantage.gov/advantage/catalog/product_detail.do?contractNumber=GS-02F-151BA&itemNumber=7510-01-660-3727&mfrName=ABILITYONE&bpaNumber=GS02Q14DCR0019;REUSE_REMANUFACTURED_ABILITYONE_7510016603727TonerCartridge,Remanufactured,StandardYield,Black,HPLaserJet2400/2420/2430CompatibleReplacesQ6511X.12000PageYield.
prodNum;productName;prodUrl;specsTab
7510-01-660-3730;HP LASERJET M1212, M1217, P1102;https://www.gsaadvantage.gov/advantage/catalog/product_detail.do?contractNumber=GS-02F-0171W&itemNumber=7510-01-660-3730&mfrName=ABILITYONE;
;;Price;;Unit;;Features;;Contractor;;Socio;;Photo;;Deliv Days;;Min;;FOB/Shipping;
;;$39.00;;EA;;;;ARYA CORPORATION;;s;;;;10 days delivered ARO;;$100.00;;D-CONUSND-AK,PR,HI;https://www.gsaadvantage.gov/advantage/catalog/product_detail.do?contractNumber=GS-02F-0171W&itemNumber=7510-01-660-3730&mfrName=ABILITYONE;HP LaserJet M1212, M1217, P1102
;;;;;;;;;;;;;;;;;;;;
;;$39.79;;EA;;;;COMPLETE PACKAGING & SHIPPING SUPPL;;s;;Product Image;;5 days delivered ARO;;$100.00;;D-CONUS/O-AK,PR,HI;https://www.gsaadvantage.gov/advantage/catalog/product_detail.do?contractNumber=GS-02F-0088V&itemNumber=7510-01-660-3730&mfrName=ABILITY+ONE;HP COMP LASER CART LASERJET M1212, M1217, P1102..FAST and Accurate Service. Volume Discounts Offered. For Sales and Customer Service, please call us - 1-866-725-3476 or Email us at joanw@completepackage.com
;;;;;;;;;;;;;;;;;;;;
prodNum;productName;prodUrl;specsTab
7510-01-660-3727;HP LASERJET 2400 / 2420 / 2430;https://www.gsaadvantage.gov/advantage/catalog/product_detail.do?contractNumber=GS-02F-0171W&itemNumber=7510-01-660-3727&mfrName=ABILITYONE;
;;Price;;Unit;;Features;;Contractor;;Socio;;Photo;;Deliv Days;;Min;;FOB/Shipping;
;;$39.00;;EA;;;;ARYA CORPORATION;;s;;;;10 days delivered ARO;;$100.00;;D-CONUSND-AK,PR,HI;https://www.gsaadvantage.gov/advantage/catalog/product_detail.do?contractNumber=GS-02F-0171W&itemNumber=7510-01-660-3727&mfrName=ABILITYONE;HP LaserJet 2400 / 2420 / 2430
;;;;;;;;;;;;;;;;;;;;
;;$58.41;;EA;;;;COMPLETE PACKAGING & SHIPPING SUPPL;;s;;Product Image;;5 days delivered ARO;;$100.00;;D-CONUS/O-AK,PR,HI;https://www.gsaadvantage.gov/advantage/catalog/product_detail.do?contractNumber=GS-02F-0088V&itemNumber=7510-01-660-3727&mfrName=ABILITY+ONE;HP COMP LASER CART LASERJET 2400 / 2420 / 2430..FAST and Accurate Service. Volume Discounts Offered. For Sales and Customer Service, please call us - 1-866-725-3476 or Email us at joanw@completepackage.com
;;;;;;;;;;;;;;;;;;;;
;;$66.43;;EA;;Volume Discount Available;;MBA OFFICE SUPPLY, INC;;"s
wo";;;;7 days delivered ARO;;$50.00;;D-CONUS/O-AK,PR,HI;https://www.gsaadvantage.gov/advantage/catalog/product_detail.do?contractNumber=GS-14F-0033M&itemNumber=7510016603727&mfrName=ABILITYONE;HP COMP LASER CART LASERJET 2400 / 2420 / 2430
;;;;;;;;;;;;;;;;;;;;
;;$67.60;;EA;;FSSI item;;ACCESS PRODUCTS INC.;;"s
dv";;Product Image;;4 days delivered ARO;;$100.00;;D-CONUS/O-AK,PR,HI;https://www.gsaadvantage.gov/advantage/catalog/product_detail.do?contractNumber=GS-02F-151BA&itemNumber=7510-01-660-3727&mfrName=ABILITYONE&bpaNumber=GS02Q14DCR0019;REUSE_REMANUFACTURED_ABILITYONE_7510016603727TonerCartridge,Remanufactured,StandardYield,Black,HPLaserJet2400/2420/2430CompatibleReplacesQ6511X.12000PageYield.
prodNum;productName;prodUrl;specsTab
7510016603727;HP LASERJET 2400 / 2420 / 2430;https://www.gsaadvantage.gov/advantage/catalog/product_detail.do?contractNumber=GS-02F-0171W&itemNumber=7510-01-660-3727&mfrName=ABILITYONE;
;;Price;;Unit;;Features;;Contractor;;Socio;;Photo;;Deliv Days;;Min;;FOB/Shipping;
;;$39.00;;EA;;;;ARYA CORPORATION;;s;;;;10 days delivered ARO;;$100.00;;D-CONUSND-AK,PR,HI;https://www.gsaadvantage.gov/advantage/catalog/product_detail.do?contractNumber=GS-02F-0171W&itemNumber=7510-01-660-3727&mfrName=ABILITYONE;HP LaserJet 2400 / 2420 / 2430
;;;;;;;;;;;;;;;;;;;;
;;$58.41;;EA;;;;COMPLETE PACKAGING & SHIPPING SUPPL;;s;;Product Image;;5 days delivered ARO;;$100.00;;D-CONUS/O-AK,PR,HI;https://www.gsaadvantage.gov/advantage/catalog/product_detail.do?contractNumber=GS-02F-0088V&itemNumber=7510-01-660-3727&mfrName=ABILITY+ONE;HP COMP LASER CART LASERJET 2400 / 2420 / 2430..FAST and Accurate Service. Volume Discounts Offered. For Sales and Customer Service, please call us - 1-866-725-3476 or Email us at joanw@completepackage.com
;;;;;;;;;;;;;;;;;;;;
;;$66.43;;EA;;Volume Discount Available;;MBA OFFICE SUPPLY, INC;;"s
wo";;;;7 days delivered ARO;;$50.00;;D-CONUS/O-AK,PR,HI;https://www.gsaadvantage.gov/advantage/catalog/product_detail.do?contractNumber=GS-14F-0033M&itemNumber=7510016603727&mfrName=ABILITYONE;HP COMP LASER CART LASERJET 2400 / 2420 / 2430
;;;;;;;;;;;;;;;;;;;;
;;$67.60;;EA;;FSSI item;;ACCESS PRODUCTS INC.;;"s
dv";;Product Image;;4 days delivered ARO;;$100.00;;D-CONUS/O-AK,PR,HI;https://www.gsaadvantage.gov/advantage/catalog/product_detail.do?contractNumber=GS-02F-151BA&itemNumber=7510-01-660-3727&mfrName=ABILITYONE&bpaNumber=GS02Q14DCR0019;REUSE_REMANUFACTURED_ABILITYONE_7510016603727TonerCartridge,Remanufactured,StandardYield,Black,HPLaserJet2400/2420/2430CompatibleReplacesQ6511X.12000PageYield.
prodNum;productName;prodUrl;specsTab
7510-01-660-3730;HP LASERJET M1212, M1217, P1102;https://www.gsaadvantage.gov/advantage/catalog/product_detail.do?contractNumber=GS-02F-0171W&itemNumber=7510-01-660-3730&mfrName=ABILITYONE;
;;Price;;Unit;;Features;;Contractor;;Socio;;Photo;;Deliv Days;;Min;;FOB/Shipping;
;;$39.00;;EA;;;;ARYA CORPORATION;;s;;;;10 days delivered ARO;;$100.00;;D-CONUSND-AK,PR,HI;https://www.gsaadvantage.gov/advantage/catalog/product_detail.do?contractNumber=GS-02F-0171W&itemNumber=7510-01-660-3730&mfrName=ABILITYONE;HP LaserJet M1212, M1217, P1102
;;;;;;;;;;;;;;;;;;;;
;;$39.79;;EA;;;;COMPLETE PACKAGING & SHIPPING SUPPL;;s;;Product Image;;5 days delivered ARO;;$100.00;;D-CONUS/O-AK,PR,HI;https://www.gsaadvantage.gov/advantage/catalog/product_detail.do?contractNumber=GS-02F-0088V&itemNumber=7510-01-660-3730&mfrName=ABILITY+ONE;HP COMP LASER CART LASERJET M1212, M1217, P1102..FAST and Accurate Service. Volume Discounts Offered. For Sales and Customer Service, please call us - 1-866-725-3476 or Email us at joanw@completepackage.com
;;;;;;;;;;;;;;;;;;;;
;;$45.26;;EA;;Volume Discount Available;;MBA OFFICE SUPPLY, INC;;"s
wo";;;;7 days delivered ARO;;$50.00;;D-CONUS/O-AK,PR,HI;https://www.gsaadvantage.gov/advantage/catalog/product_detail.do?contractNumber=GS-14F-0033M&itemNumber=7510016603730&mfrName=ABILITYONE;HP COMP LASER CART LASERJET M1212, M1217, P1102
;;;;;;;;;;;;;;;;;;;;
;;$46.05;;EA;;FSSI item;;ACCESS PRODUCTS INC.;;"s
dv";;Product Image;;4 days delivered ARO;;$100.00;;D-CONUS/O-AK,PR,HI;https://www.gsaadvantage.gov/advantage/catalog/product_detail.do?contractNumber=GS-02F-151BA&itemNumber=7510-01-660-3730&mfrName=ABILITYONE&bpaNumber=GS02Q14DCR0019;REUSE_REMANUFACTURED_ABILITYONE_7510016603730TonerCartridge,Remanufactured,StandardYield,Black,HPLaserJet1102CompatibleReplacesCE285A.1600PageYield.
