52102001,Oki,OKI,OKI52102001,52102001OKI
52106001,Oki,OKI,OKI52106001,52106001OKI
52107001,Oki,OKI,OKI52107001,52107001OKI
42377801,Oki,OKI,OKI42377801,42377801OKI
DQ-UG27H,Panasonic,PAN,PANDQ-UG27H,DQ-UG27HPAN
UG5510,Panasonic,PAN,PANUG5510,UG5510PAN
UG5550,Panasonic,PAN,PANUG5550,UG5550PAN
DQ-UH35H,Panasonic,PAN,PANDQ-UH35H,DQ-UH35HPAN
KX-P180,Panasonic,PAN,PANKX-P180,KX-P180PAN
KX-P190,Panasonic,PAN,PANKX-P190,KX-P190PAN
DQ-TUN28K,Panasonic,PAN,PANDQ-TUN28K,DQ-TUN28KPAN
KX-P170,Panasonic,PAN,PANKX-P170,KX-P170PAN
DQ-TU38R,Panasonic,PAN,PANDQ-TU38R,DQ-TU38RPAN
820076,Ricoh,RIC,RIC820076,820076RIC
405688,Ricoh,RIC,RIC405688,405688RIC
405690,Ricoh,RIC,RIC405690,405690RIC
841849,Ricoh,RIC,RIC841849,841849RIC
821243,Ricoh,RIC,RIC821243,821243RIC
888276,Ricoh,RIC,RIC888276,888276RIC
821246,Ricoh,RIC,RIC821246,821246RIC
406047,Ricoh,RIC,RIC406047,406047RIC
821245,Ricoh,RIC,RIC821245,821245RIC
406048,Ricoh,RIC,RIC406048,406048RIC
821244,Ricoh,RIC,RIC821244,821244RIC
406044,Ricoh,RIC,RIC406044,406044RIC
407823,Ricoh,RIC,RIC407823,407823RIC
841280,Ricoh,RIC,RIC841280,841280RIC
841582,Ricoh,RIC,RIC841582,841582RIC
7510-00-SAM-1441,Triumph,N/A,751000SAM1441,
7510-00-NSH-0204,Triumph,N/A,751000NSH0204,
7510-00-SAM-1483,Triumph,N/A,751000SAM1483,
7510-00-SAM-1424,Triumph,N/A,751000SAM1424,
7510-00-SAM-1425,Triumph,N/A,751000SAM1425,
7510-00-SAM-1426,Triumph,N/A,751000SAM1426,
7510-00-SAM-1427,Triumph,N/A,751000SAM1427,
7510-00-SAM-1417,Triumph,N/A,751000SAM1417,
7510-00-NSH-1248,Triumph,N/A,751000NSH1248,
7510-00-NSH-1252,Triumph,N/A,751000NSH1252,
7510-00-NSH-1245,Triumph,N/A,751000NSH1245,
7510-00-NSH-1246,Triumph,N/A,751000NSH1246,
7510-00-NSH-1247,Triumph,N/A,751000NSH1247,
7510-00-NSH-1249,Triumph,N/A,751000NSH1249,
7510-00-NSH-1250,Triumph,N/A,751000NSH1250,
7510-00-NSH-1251,Triumph,N/A,751000NSH1251,
7510-00-NSH-1304,Triumph,N/A,751000NSH1304,
7510-00-NSH-1308,Triumph,N/A,751000NSH1308,
7510-00-NSH-1568,Triumph,N/A,751000NSH1568,
7510-00-NSH-1569,Triumph,N/A,751000NSH1569,
7510-00-NSH-1560,Triumph,N/A,751000NSH1560,
7510-00-NSH-1561,Triumph,N/A,751000NSH1561,
7510-00-NSH-1542,Triumph,N/A,751000NSH1542,
7510-00-NSH-1539,Triumph,N/A,751000NSH1539,
7510-00-NSH-1540,Triumph,N/A,751000NSH1540,
7510-00-NSH-1541,Triumph,N/A,751000NSH1541,
7510-00-NSH-1550,Triumph,N/A,751000NSH1550,
7510-00-SAM-1656,Triumph,N/A,751000SAM1656,
7510-00-SAM-1653,Triumph,N/A,751000SAM1653,
7510-00-SAM-1654,Triumph,N/A,751000SAM1654,
7510-00-SAM-1655,Triumph,N/A,751000SAM1655,
7510-00-SAM-1660,Triumph,N/A,751000SAM1660,
7510-00-SAM-1657,Triumph,N/A,751000SAM1657,
7510-00-SAM-1658,Triumph,N/A,751000SAM1658,
7510-00-SAM-1659,Triumph,N/A,751000SAM1659,
7510-00-NSH-1547,Triumph,N/A,751000NSH1547,
7510-00-NSH-1548,Triumph,N/A,751000NSH1548,
7510-00-NSH-1549,Triumph,N/A,751000NSH1549,
7510-00-NSH-1554,Triumph,N/A,751000NSH1554,
7510-00-SAM-1664,Triumph,N/A,751000SAM1664,
7510-00-SAM-1661,Triumph,N/A,751000SAM1661,
7510-00-SAM-1662,Triumph,N/A,751000SAM1662,
7510-00-SAM-1663,Triumph,N/A,751000SAM1663,
7510-00-SAM-1701,Triumph,N/A,751000SAM1701,
7510-00-NSH-1551,Triumph,N/A,751000NSH1551,
7510-00-NSH-1552,Triumph,N/A,751000NSH1552,
7510-00-NSH-1553,Triumph,N/A,751000NSH1553,
7510-00-SAM-1668,Triumph,N/A,751000SAM1668,
7510-00-SAM-1665,Triumph,N/A,751000SAM1665,
7510-00-SAM-1666,Triumph,N/A,751000SAM1666,
7510-00-SAM-1667,Triumph,N/A,751000SAM1667,
116262,WEST POINT PRODUCTS,WPP,WPP116262,116262WPP
116263,WEST POINT PRODUCTS,WPP,WPP116263,116263WPP
116264,WEST POINT PRODUCTS,WPP,WPP116264,116264WPP
116265,WEST POINT PRODUCTS,WPP,WPP116265,116265WPP
116266,WEST POINT PRODUCTS,WPP,WPP116266,116266WPP
116267,WEST POINT PRODUCTS,WPP,WPP116267,116267WPP
116274,WEST POINT PRODUCTS,WPP,WPP116274,116274WPP
116275,WEST POINT PRODUCTS,WPP,WPP116275,116275WPP
118074,WEST POINT PRODUCTS,WPP,WPP118074,118074WPP
118103,WEST POINT PRODUCTS,WPP,WPP118103,118103WPP
118104,WEST POINT PRODUCTS,WPP,WPP118104,118104WPP
118105,WEST POINT PRODUCTS,WPP,WPP118105,118105WPP
118106,WEST POINT PRODUCTS,WPP,WPP118106,118106WPP
118107,WEST POINT PRODUCTS,WPP,WPP118107,118107WPP
118108,WEST POINT PRODUCTS,WPP,WPP118108,118108WPP
118109,WEST POINT PRODUCTS,WPP,WPP118109,118109WPP
118110,WEST POINT PRODUCTS,WPP,WPP118110,118110WPP
200236,WEST POINT PRODUCTS,WPP,WPP200236,200236WPP
200237,WEST POINT PRODUCTS,WPP,WPP200237,200237WPP
200238,WEST POINT PRODUCTS,WPP,WPP200238,200238WPP
200239,WEST POINT PRODUCTS,WPP,WPP200239,200239WPP
200686,WEST POINT PRODUCTS,WPP,WPP200686,200686WPP
200695,WEST POINT PRODUCTS,WPP,WPP200695,200695WPP
200696,WEST POINT PRODUCTS,WPP,WPP200696,200696WPP
200697,WEST POINT PRODUCTS,WPP,WPP200697,200697WPP
200698,WEST POINT PRODUCTS,WPP,WPP200698,200698WPP
200701,WEST POINT PRODUCTS,WPP,WPP200701,200701WPP
200702,WEST POINT PRODUCTS,WPP,WPP200702,200702WPP
200748,WEST POINT PRODUCTS,WPP,WPP200748,200748WPP
200749,WEST POINT PRODUCTS,WPP,WPP200749,200749WPP
200750,WEST POINT PRODUCTS,WPP,WPP200750,200750WPP
200751,WEST POINT PRODUCTS,WPP,WPP200751,200751WPP
200756,WEST POINT PRODUCTS,WPP,WPP200756,200756WPP
200757,WEST POINT PRODUCTS,WPP,WPP200757,200757WPP
200758,WEST POINT PRODUCTS,WPP,WPP200758,200758WPP
200759,WEST POINT PRODUCTS,WPP,WPP200759,200759WPP
200760,WEST POINT PRODUCTS,WPP,WPP200760,200760WPP
200761,WEST POINT PRODUCTS,WPP,WPP200761,200761WPP
200762,WEST POINT PRODUCTS,WPP,WPP200762,200762WPP
200763,WEST POINT PRODUCTS,WPP,WPP200763,200763WPP
200766,WEST POINT PRODUCTS,WPP,WPP200766,200766WPP
200793,WEST POINT PRODUCTS,WPP,WPP200793,200793WPP
200794,WEST POINT PRODUCTS,WPP,WPP200794,200794WPP
200795,WEST POINT PRODUCTS,WPP,WPP200795,200795WPP
200796,WEST POINT PRODUCTS,WPP,WPP200796,200796WPP
200797,WEST POINT PRODUCTS,WPP,WPP200797,200797WPP
200798,WEST POINT PRODUCTS,WPP,WPP200798,200798WPP
200799,WEST POINT PRODUCTS,WPP,WPP200799,200799WPP
200800,WEST POINT PRODUCTS,WPP,WPP200800,200800WPP
200829,WEST POINT PRODUCTS,WPP,WPP200829,200829WPP
200864,WEST POINT PRODUCTS,WPP,WPP200864,200864WPP
200865,WEST POINT PRODUCTS,WPP,WPP200865,200865WPP
200866,WEST POINT PRODUCTS,WPP,WPP200866,200866WPP
113560P,WEST POINT PRODUCTS,WPP,WPP113560P,113560PWPP
114725P,WEST POINT PRODUCTS,WPP,WPP114725P,114725PWPP
115327P,WEST POINT PRODUCTS,WPP,WPP115327P,115327PWPP
200002P,WEST POINT PRODUCTS,WPP,WPP200002P,200002PWPP
200024P,WEST POINT PRODUCTS,WPP,WPP200024P,200024PWPP
200090P,WEST POINT PRODUCTS,WPP,WPP200090P,200090PWPP
200099P,WEST POINT PRODUCTS,WPP,WPP200099P,200099PWPP
200104P,WEST POINT PRODUCTS,WPP,WPP200104P,200104PWPP
200114P,WEST POINT PRODUCTS,WPP,WPP200114P,200114PWPP
200137P,WEST POINT PRODUCTS,WPP,WPP200137P,200137PWPP
200152P,WEST POINT PRODUCTS,WPP,WPP200152P,200152PWPP
200155P,WEST POINT PRODUCTS,WPP,WPP200155P,200155PWPP
200162P,WEST POINT PRODUCTS,WPP,WPP200162P,200162PWPP
200173P,WEST POINT PRODUCTS,WPP,WPP200173P,200173PWPP
200175P,WEST POINT PRODUCTS,WPP,WPP200175P,200175PWPP
200192P,WEST POINT PRODUCTS,WPP,WPP200192P,200192PWPP
200253P,WEST POINT PRODUCTS,WPP,WPP200253P,200253PWPP
200254P,WEST POINT PRODUCTS,WPP,WPP200254P,200254PWPP
200255P,WEST POINT PRODUCTS,WPP,WPP200255P,200255PWPP
200256P,WEST POINT PRODUCTS,WPP,WPP200256P,200256PWPP
200514P,WEST POINT PRODUCTS,WPP,WPP200514P,200514PWPP
200515P,WEST POINT PRODUCTS,WPP,WPP200515P,200515PWPP
200516P,WEST POINT PRODUCTS,WPP,WPP200516P,200516PWPP
200517P,WEST POINT PRODUCTS,WPP,WPP200517P,200517PWPP
200622P,WEST POINT PRODUCTS,WPP,WPP200622P,200622PWPP
200623P,WEST POINT PRODUCTS,WPP,WPP200623P,200623PWPP
200624P,WEST POINT PRODUCTS,WPP,WPP200624P,200624PWPP
200625P,WEST POINT PRODUCTS,WPP,WPP200625P,200625PWPP
200626P,WEST POINT PRODUCTS,WPP,WPP200626P,200626PWPP
200635P,WEST POINT PRODUCTS,WPP,WPP200635P,200635PWPP
200673P,WEST POINT PRODUCTS,WPP,WPP200673P,200673PWPP
200675P,WEST POINT PRODUCTS,WPP,WPP200675P,200675PWPP
200676P,WEST POINT PRODUCTS,WPP,WPP200676P,200676PWPP
200677P,WEST POINT PRODUCTS,WPP,WPP200677P,200677PWPP
200679P,WEST POINT PRODUCTS,WPP,WPP200679P,200679PWPP
200681P,WEST POINT PRODUCTS,WPP,WPP200681P,200681PWPP
200682P,WEST POINT PRODUCTS,WPP,WPP200682P,200682PWPP
200683P,WEST POINT PRODUCTS,WPP,WPP200683P,200683PWPP
200684P,WEST POINT PRODUCTS,WPP,WPP200684P,200684PWPP
200691P,WEST POINT PRODUCTS,WPP,WPP200691P,200691PWPP
200692P,WEST POINT PRODUCTS,WPP,WPP200692P,200692PWPP
200693P,WEST POINT PRODUCTS,WPP,WPP200693P,200693PWPP
200694P,WEST POINT PRODUCTS,WPP,WPP200694P,200694PWPP
200707P,WEST POINT PRODUCTS,WPP,WPP200707P,200707PWPP
200715P,WEST POINT PRODUCTS,WPP,WPP200715P,200715PWPP
200716P,WEST POINT PRODUCTS,WPP,WPP200716P,200716PWPP
200722P,WEST POINT PRODUCTS,WPP,WPP200722P,200722PWPP
200728P,WEST POINT PRODUCTS,WPP,WPP200728P,200728PWPP
200729P,WEST POINT PRODUCTS,WPP,WPP200729P,200729PWPP
200730P,WEST POINT PRODUCTS,WPP,WPP200730P,200730PWPP
200731P,WEST POINT PRODUCTS,WPP,WPP200731P,200731PWPP
200732P,WEST POINT PRODUCTS,WPP,WPP200732P,200732PWPP
200733P,WEST POINT PRODUCTS,WPP,WPP200733P,200733PWPP
200734P,WEST POINT PRODUCTS,WPP,WPP200734P,200734PWPP
200735P,WEST POINT PRODUCTS,WPP,WPP200735P,200735PWPP
200736P,WEST POINT PRODUCTS,WPP,WPP200736P,200736PWPP
200737P,WEST POINT PRODUCTS,WPP,WPP200737P,200737PWPP
200738P,WEST POINT PRODUCTS,WPP,WPP200738P,200738PWPP
200739P,WEST POINT PRODUCTS,WPP,WPP200739P,200739PWPP
200740P,WEST POINT PRODUCTS,WPP,WPP200740P,200740PWPP
200741P,WEST POINT PRODUCTS,WPP,WPP200741P,200741PWPP
200743P,WEST POINT PRODUCTS,WPP,WPP200743P,200743PWPP
200752P,WEST POINT PRODUCTS,WPP,WPP200752P,200752PWPP
200753P,WEST POINT PRODUCTS,WPP,WPP200753P,200753PWPP
200754P,WEST POINT PRODUCTS,WPP,WPP200754P,200754PWPP
200755P,WEST POINT PRODUCTS,WPP,WPP200755P,200755PWPP
200765P,WEST POINT PRODUCTS,WPP,WPP200765P,200765PWPP
200767P,WEST POINT PRODUCTS,WPP,WPP200767P,200767PWPP
200776P,WEST POINT PRODUCTS,WPP,WPP200776P,200776PWPP
200779P,WEST POINT PRODUCTS,WPP,WPP200779P,200779PWPP
200780P,WEST POINT PRODUCTS,WPP,WPP200780P,200780PWPP
200781P,WEST POINT PRODUCTS,WPP,WPP200781P,200781PWPP
200784P,WEST POINT PRODUCTS,WPP,WPP200784P,200784PWPP
200785P,WEST POINT PRODUCTS,WPP,WPP200785P,200785PWPP
200786P,WEST POINT PRODUCTS,WPP,WPP200786P,200786PWPP
200787P,WEST POINT PRODUCTS,WPP,WPP200787P,200787PWPP
200788P,WEST POINT PRODUCTS,WPP,WPP200788P,200788PWPP
200789P,WEST POINT PRODUCTS,WPP,WPP200789P,200789PWPP
200790P,WEST POINT PRODUCTS,WPP,WPP200790P,200790PWPP
200791P,WEST POINT PRODUCTS,WPP,WPP200791P,200791PWPP
200792P,WEST POINT PRODUCTS,WPP,WPP200792P,200792PWPP
200801P,WEST POINT PRODUCTS,WPP,WPP200801P,200801PWPP
200810P,WEST POINT PRODUCTS,WPP,WPP200810P,200810PWPP
200811P,WEST POINT PRODUCTS,WPP,WPP200811P,200811PWPP
200812P,WEST POINT PRODUCTS,WPP,WPP200812P,200812PWPP
200813P,WEST POINT PRODUCTS,WPP,WPP200813P,200813PWPP
200819P,WEST POINT PRODUCTS,WPP,WPP200819P,200819PWPP
200820P,WEST POINT PRODUCTS,WPP,WPP200820P,200820PWPP
200821P,WEST POINT PRODUCTS,WPP,WPP200821P,200821PWPP
200822P,WEST POINT PRODUCTS,WPP,WPP200822P,200822PWPP
200823P,WEST POINT PRODUCTS,WPP,WPP200823P,200823PWPP
200828P,WEST POINT PRODUCTS,WPP,WPP200828P,200828PWPP
200835P,WEST POINT PRODUCTS,WPP,WPP200835P,200835PWPP
200836P,WEST POINT PRODUCTS,WPP,WPP200836P,200836PWPP
200838P,WEST POINT PRODUCTS,WPP,WPP200838P,200838PWPP
200839P,WEST POINT PRODUCTS,WPP,WPP200839P,200839PWPP
200844P,WEST POINT PRODUCTS,WPP,WPP200844P,200844PWPP
200845P,WEST POINT PRODUCTS,WPP,WPP200845P,200845PWPP
200848P,WEST POINT PRODUCTS,WPP,WPP200848P,200848PWPP
200852P,WEST POINT PRODUCTS,WPP,WPP200852P,200852PWPP
200858P,WEST POINT PRODUCTS,WPP,WPP200858P,200858PWPP
200867P,WEST POINT PRODUCTS,WPP,WPP200867P,200867PWPP
200890P,WEST POINT PRODUCTS,WPP,WPP200890P,200890PWPP
200891P,WEST POINT PRODUCTS,WPP,WPP200891P,200891PWPP
200901P,WEST POINT PRODUCTS,WPP,WPP200901P,200901PWPP
200906P,WEST POINT PRODUCTS,WPP,WPP200906P,200906PWPP
200907P,WEST POINT PRODUCTS,WPP,WPP200907P,200907PWPP
200908P,WEST POINT PRODUCTS,WPP,WPP200908P,200908PWPP
200909P,WEST POINT PRODUCTS,WPP,WPP200909P,200909PWPP
200910P,WEST POINT PRODUCTS,WPP,WPP200910P,200910PWPP
200911P,WEST POINT PRODUCTS,WPP,WPP200911P,200911PWPP
200912P,WEST POINT PRODUCTS,WPP,WPP200912P,200912PWPP
200913P,WEST POINT PRODUCTS,WPP,WPP200913P,200913PWPP
200922P,WEST POINT PRODUCTS,WPP,WPP200922P,200922PWPP
200923P,WEST POINT PRODUCTS,WPP,WPP200923P,200923PWPP
114849P,WEST POINT PRODUCTS,WPP,WPP114849P,114849PWPP
115326P,WEST POINT PRODUCTS,WPP,WPP115326P,115326PWPP
115970P,WEST POINT PRODUCTS,WPP,WPP115970P,115970PWPP
117241P,WEST POINT PRODUCTS,WPP,WPP117241P,117241PWPP
200013P,WEST POINT PRODUCTS,WPP,WPP200013P,200013PWPP
200015P,WEST POINT PRODUCTS,WPP,WPP200015P,200015PWPP
200016P,WEST POINT PRODUCTS,WPP,WPP200016P,200016PWPP
200023P,WEST POINT PRODUCTS,WPP,WPP200023P,200023PWPP
200026P,WEST POINT PRODUCTS,WPP,WPP200026P,200026PWPP
200089P,WEST POINT PRODUCTS,WPP,WPP200089P,200089PWPP
200091P,WEST POINT PRODUCTS,WPP,WPP200091P,200091PWPP
200121P,WEST POINT PRODUCTS,WPP,WPP200121P,200121PWPP
200126P,WEST POINT PRODUCTS,WPP,WPP200126P,200126PWPP
200174P,WEST POINT PRODUCTS,WPP,WPP200174P,200174PWPP
200179P,WEST POINT PRODUCTS,WPP,WPP200179P,200179PWPP
200206P,WEST POINT PRODUCTS,WPP,WPP200206P,200206PWPP
200217P,WEST POINT PRODUCTS,WPP,WPP200217P,200217PWPP
200218P,WEST POINT PRODUCTS,WPP,WPP200218P,200218PWPP
200220P,WEST POINT PRODUCTS,WPP,WPP200220P,200220PWPP
200553P,WEST POINT PRODUCTS,WPP,WPP200553P,200553PWPP
200674P,WEST POINT PRODUCTS,WPP,WPP200674P,200674PWPP
200686P,WEST POINT PRODUCTS,WPP,WPP200686P,200686PWPP
200717P,WEST POINT PRODUCTS,WPP,WPP200717P,200717PWPP
200718P,WEST POINT PRODUCTS,WPP,WPP200718P,200718PWPP
200766P,WEST POINT PRODUCTS,WPP,WPP200766P,200766PWPP
200777P,WEST POINT PRODUCTS,WPP,WPP200777P,200777PWPP
200778P,WEST POINT PRODUCTS,WPP,WPP200778P,200778PWPP
200809P,WEST POINT PRODUCTS,WPP,WPP200809P,200809PWPP
200814P,WEST POINT PRODUCTS,WPP,WPP200814P,200814PWPP
200815P,WEST POINT PRODUCTS,WPP,WPP200815P,200815PWPP
200818P,WEST POINT PRODUCTS,WPP,WPP200818P,200818PWPP
200827P,WEST POINT PRODUCTS,WPP,WPP200827P,200827PWPP
200953P,WEST POINT PRODUCTS,WPP,WPP200953P,200953PWPP
006R01528,Xerox,XER,XER006R01528,006R01528XER
802K96324,Xerox,XER,XER802K96324,802K96324XER
022N02177,Xerox,XER,XER022N02177,022N02177XER
022N02232,Xerox,XER,XER022N02232,022N02232XER
130N01366,Xerox,XER,XER130N01366,130N01366XER
003N01018,Xerox,XER,XER003N01018,003N01018XER
106R03580,Xerox,XER,XER106R03580,106R03580XER
106R03582,Xerox,XER,XER106R03582,106R03582XER
106R03584,Xerox,XER,XER106R03584,106R03584XER
006R01668,Xerox,XER,XER006R01668,006R01668XER
006R01184,Xerox,XER,XER006R01184,006R01184XER
106R03500,Xerox,XER,XER106R03500,106R03500XER
106R03501,Xerox,XER,XER106R03501,106R03501XER
106R03502,Xerox,XER,XER106R03502,106R03502XER
106R03503,Xerox,XER,XER106R03503,106R03503XER
106R03512,Xerox,XER,XER106R03512,106R03512XER
106R03513,Xerox,XER,XER106R03513,106R03513XER
106R03514,Xerox,XER,XER106R03514,106R03514XER
106R03515,Xerox,XER,XER106R03515,106R03515XER
106R03524,Xerox,XER,XER106R03524,106R03524XER
106R03525,Xerox,XER,XER106R03525,106R03525XER
106R03526,Xerox,XER,XER106R03526,106R03526XER
106R03527,Xerox,XER,XER106R03527,106R03527XER
106R02244,Xerox,XER,XER106R02244,106R02244XER
106R02241,Xerox,XER,XER106R02241,106R02241XER
106R02225,Xerox,XER,XER106R02225,106R02225XER
106R02242,Xerox,XER,XER106R02242,106R02242XER
106R02226,Xerox,XER,XER106R02226,106R02226XER
106R02243,Xerox,XER,XER106R02243,106R02243XER
106R02227,Xerox,XER,XER106R02227,106R02227XER
008R12912,Xerox,XER,XER008R12912,008R12912XER
008R13034,Xerox,XER,XER008R13034,008R13034XER
108R00823,Xerox,XER,XER108R00823,108R00823XER
03200BK11045,Zebra Technologies,ZBR,ZBR03200BK11045,03200BK11045ZBR
05100GS11007,Zebra Technologies,ZBR,ZBR05100GS11007,05100GS11007ZBR
05095BK11045,Zebra Technologies,ZBR,ZBR05095BK11045,05095BK11045ZBR
05095GS11007,Zebra Technologies,ZBR,ZBR05095GS11007,05095GS11007ZBR
800132-002,Zebra Technologies,ZBR,ZBR800132-002,800132-002ZBR
02000BK06045,Zebra Technologies,ZBR,ZBR02000BK06045,02000BK06045ZBR
02100BK06045,Zebra Technologies,ZBR,ZBR02100BK06045,02100BK06045ZBR
05319BK06045,Zebra Technologies,ZBR,ZBR05319BK06045,05319BK06045ZBR
05319GS06407,Zebra Technologies,ZBR,ZBR05319GS06407,05319GS06407ZBR
02100BK08945,Zebra Technologies,ZBR,ZBR02100BK08945,02100BK08945ZBR
02000BK10245,Zebra Technologies,ZBR,ZBR02000BK10245,02000BK10245ZBR
05319BK10245,Zebra Technologies,ZBR,ZBR05319BK10245,05319BK10245ZBR
02000BK10645,Zebra Technologies,ZBR,ZBR02000BK10645,02000BK10645ZBR
02100BK10645,Zebra Technologies,ZBR,ZBR02100BK10645,02100BK10645ZBR
02000BK11045,Zebra Technologies,ZBR,ZBR02000BK11045,02000BK11045ZBR
05319BK11045,Zebra Technologies,ZBR,ZBR05319BK11045,05319BK11045ZBR
05319GS11007,Zebra Technologies,ZBR,ZBR05319GS11007,05319GS11007ZBR
02100BK13145,Zebra Technologies,ZBR,ZBR02100BK13145,02100BK13145ZBR
02000BK15645,Zebra Technologies,ZBR,ZBR02000BK15645,02000BK15645ZBR
02100BK17490,Zebra Technologies,ZBR,ZBR02100BK17490,02100BK17490ZBR
800132-102,Zebra Technologies,ZBR,ZBR800132-102,800132-102ZBR
03200GS06407,Zebra Technologies,ZBR,ZBR03200GS06407,03200GS06407ZBR
03200BK08045,Zebra Technologies,ZBR,ZBR03200BK08045,03200BK08045ZBR
03200GS08407,Zebra Technologies,ZBR,ZBR03200GS08407,03200GS08407ZBR
03200GS11007,Zebra Technologies,ZBR,ZBR03200GS11007,03200GS11007ZBR
02100BK08045,Zebra Technologies,ZBR,ZBR02100BK08045,02100BK08045ZBR
02100BK11045,Zebra Technologies,ZBR,ZBR02100BK11045,02100BK11045ZBR
